{
  "threshold": 0.06433773040771484,
  "mean": 0.03560351897091035,
  "std": 0.018434969314288938
}