{
  "threshold": 0.043390143662691116,
  "mean": 0.022800203630669594,
  "std": 0.010928721789811946
}